City_ID,City,Country,Date,Lat,Lng,Max Temp,Humidity,Cloudiness,Wind Speed
0,Ushuaia,AR,2020-05-05 22:29:28,-54.8,-68.3,41.0,65,97,3.36
1,Barrow,US,2020-05-05 22:28:58,71.29,-156.79,17.6,72,1,8.05
2,Margate,GB,2020-05-05 22:30:07,51.38,1.39,48.99,82,0,17.65
3,Dikson,RU,2020-05-05 22:31:00,73.51,80.55,7.92,92,100,10.94
4,Mezen,RU,2020-05-05 22:31:00,65.85,44.24,30.6,98,20,3.15
5,Georgetown,MY,2020-05-05 22:31:01,5.41,100.34,80.6,94,40,4.7
6,Cape Town,ZA,2020-05-05 22:26:36,-33.93,18.42,66.0,88,93,9.17
7,Punta Arenas,CL,2020-05-05 22:28:02,-53.15,-70.92,41.0,86,99,5.82
8,Narsaq,GL,2020-05-05 22:31:01,60.92,-46.05,44.6,70,100,4.7
9,Wajima,JP,2020-05-05 22:31:01,37.4,136.9,56.26,73,71,3.94
10,Qaanaaq,GL,2020-05-05 22:31:02,77.48,-69.36,15.42,85,97,4.68
11,Rikitea,PF,2020-05-05 22:31:02,-23.12,-134.97,73.15,65,100,9.98
12,Cherskiy,RU,2020-05-05 22:31:02,68.75,161.3,28.29,93,74,3.36
13,Bengkulu,ID,2020-05-05 22:31:02,-3.8,102.27,76.51,86,96,3.98
14,Kloulklubed,PW,2020-05-05 22:31:03,7.04,134.26,80.6,88,75,8.05
15,Port Elizabeth,ZA,2020-05-05 22:30:02,-33.92,25.57,62.6,77,7,8.05
16,Tuktoyaktuk,CA,2020-05-05 22:31:03,69.45,-133.04,30.2,80,90,8.05
17,Arraial Do Cabo,BR,2020-05-05 22:31:03,-22.97,-42.03,75.2,83,81,5.82
18,Lebu,CL,2020-05-05 22:31:04,-37.62,-73.65,55.29,72,0,19.1
19,Albany,US,2020-05-05 22:31:04,42.6,-73.97,59.0,22,73,7.07
20,Bela,IN,2020-05-05 22:31:04,25.93,81.98,77.02,57,0,5.3
21,Luderitz,NA,2020-05-05 22:31:04,-26.65,15.16,74.43,25,0,7.23
22,Pevek,RU,2020-05-05 22:31:04,69.7,170.31,18.91,89,24,2.15
23,Port Alfred,ZA,2020-05-05 22:31:04,-33.59,26.89,61.0,85,43,1.99
24,Berlevag,NO,2020-05-05 22:31:05,70.86,29.09,37.72,81,100,26.35
25,Yellowknife,CA,2020-05-05 22:28:39,62.46,-114.35,44.6,42,20,8.05
26,Resistencia,AR,2020-05-05 22:28:24,-27.46,-58.98,66.99,100,100,6.93
27,Kavaratti,IN,2020-05-05 22:26:37,10.57,72.64,84.51,81,100,13.89
28,Iquitos,PE,2020-05-05 22:26:54,-3.75,-73.25,82.4,83,40,6.93
29,Hermanus,ZA,2020-05-05 22:31:05,-34.42,19.23,60.01,90,73,1.01
30,Chokurdakh,RU,2020-05-05 22:31:06,70.63,147.92,17.92,96,84,8.25
31,Riberalta,BO,2020-05-05 22:31:06,-10.98,-66.1,76.57,96,100,2.01
32,Saldanha,ZA,2020-05-05 22:28:42,-33.01,17.94,59.0,87,96,4.7
33,Kosonsoy,UZ,2020-05-05 22:31:06,41.26,71.55,60.8,72,90,6.93
34,Puerto Ayora,EC,2020-05-05 22:31:06,-0.74,-90.35,80.01,88,75,16.11
35,Magistralnyy,RU,2020-05-05 22:31:06,56.17,107.45,41.7,74,85,6.13
36,Bluff,NZ,2020-05-05 22:28:52,-46.6,168.33,53.2,77,99,25.57
37,Aranos,NA,2020-05-05 22:31:07,-24.13,19.12,63.19,29,0,8.95
38,Lasa,IT,2020-05-05 22:31:07,46.62,10.7,46.4,100,75,6.93
39,Charters Towers,AU,2020-05-05 22:31:07,-20.1,146.27,67.89,67,0,14.97
40,Fukue,JP,2020-05-05 22:31:07,32.69,128.84,63.27,90,57,9.8
41,Mar Del Plata,AR,2020-05-05 22:26:47,-38.0,-57.56,54.0,66,90,20.8
42,Vaini,TO,2020-05-05 22:31:07,-21.2,-175.2,80.6,78,75,9.17
43,Severo-Kurilsk,RU,2020-05-05 22:31:08,50.68,156.12,34.21,89,100,33.24
44,Teknaf,BD,2020-05-05 22:31:08,20.86,92.31,78.6,89,7,2.91
45,Coquimbo,CL,2020-05-05 22:31:08,-29.95,-71.34,57.2,87,40,11.41
46,Torbay,CA,2020-05-05 22:31:08,47.67,-52.73,43.0,100,90,18.34
47,Kaitangata,NZ,2020-05-05 22:31:08,-46.28,169.85,55.0,66,94,14.0
48,Hobart,AU,2020-05-05 22:30:56,-42.88,147.33,55.99,62,75,6.93
49,Paragominas,BR,2020-05-05 22:31:09,-2.97,-47.48,75.24,97,99,3.33
50,Batemans Bay,AU,2020-05-05 22:31:09,-35.72,150.18,50.0,100,95,3.15
51,Khromtau,KZ,2020-05-05 22:31:09,50.25,58.43,48.88,54,25,6.96
52,Pimentel,PE,2020-05-05 22:31:09,-6.84,-79.93,69.44,82,0,14.74
53,Bathsheba,BB,2020-05-05 22:31:09,13.22,-59.52,82.4,74,40,21.92
54,Vestmannaeyjar,IS,2020-05-05 22:29:49,63.44,-20.27,44.47,87,37,10.22
55,Port Blair,IN,2020-05-05 22:31:10,11.67,92.75,83.14,75,69,3.29
56,Hofn,IS,2020-05-05 22:31:10,64.25,-15.21,47.95,51,0,12.77
57,Victoria,HK,2020-05-05 22:30:46,22.29,114.16,82.0,78,100,3.0
58,Fortuna,US,2020-05-05 22:31:10,40.6,-124.16,59.0,87,75,19.46
59,Atuona,PF,2020-05-05 22:28:49,-9.8,-139.03,80.96,75,35,18.3
60,Ulladulla,AU,2020-05-05 22:31:11,-35.35,150.47,57.2,71,79,14.99
61,Paamiut,GL,2020-05-05 22:31:11,61.99,-49.67,33.49,97,100,8.68
62,Kotelnikovo,RU,2020-05-05 22:31:11,47.63,43.15,57.79,86,37,4.14
63,Busselton,AU,2020-05-05 22:28:38,-33.65,115.33,48.0,98,68,25.5
64,Avarua,CK,2020-05-05 22:31:11,-21.21,-159.78,80.6,74,63,5.82
65,Alice Springs,AU,2020-05-05 22:30:28,-23.7,133.88,42.8,38,0,4.7
66,Guia De Isora,ES,2020-05-05 22:31:12,28.21,-16.78,70.0,68,40,12.75
67,Ribeira Grande,PT,2020-05-05 22:29:27,38.52,-28.7,61.18,84,83,13.42
68,Haines Junction,CA,2020-05-05 22:31:12,60.75,-137.51,50.14,47,0,6.91
69,Mataura,NZ,2020-05-05 22:31:12,-46.19,168.86,50.22,77,92,6.6
70,Auray,FR,2020-05-05 22:31:12,47.67,-2.99,55.99,100,75,3.36
71,Tautira,PF,2020-05-05 22:29:01,-17.73,-149.15,87.8,70,87,4.7
72,Maningrida,AU,2020-05-05 22:31:13,-12.07,134.27,75.94,75,85,12.3
73,Necochea,AR,2020-05-05 22:31:13,-38.55,-58.74,53.01,73,91,18.99
74,Maceio,BR,2020-05-05 22:31:13,-9.67,-35.74,77.0,94,40,4.7
75,Butaritari,KI,2020-05-05 22:28:49,3.07,172.79,82.92,81,4,10.56
76,Hithadhoo,MV,2020-05-05 22:28:50,-0.6,73.08,83.82,73,100,9.06
77,Mandalgovi,MN,2020-05-05 22:31:13,45.76,106.27,59.27,28,100,9.31
78,Beloha,MG,2020-05-05 22:31:14,-25.17,45.05,62.47,91,62,6.04
79,Paita,PE,2020-05-05 22:31:14,-5.09,-81.11,72.55,76,0,16.89
80,Carnarvon,AU,2020-05-05 22:31:14,-24.87,113.63,68.86,78,11,17.07
81,Mengcheng,CN,2020-05-05 22:31:14,33.26,116.57,57.58,78,0,8.1
82,Pangnirtung,CA,2020-05-05 22:31:14,66.15,-65.71,14.0,72,5,5.82
83,Brekstad,NO,2020-05-05 22:31:14,63.69,9.67,44.01,93,75,28.86
84,Bredasdorp,ZA,2020-05-05 22:31:15,-34.53,20.04,59.0,87,65,82.77
85,Erzin,TR,2020-05-05 22:26:59,36.96,36.2,63.0,86,91,4.18
86,College Place,US,2020-05-05 22:31:15,46.05,-118.39,75.2,25,1,5.82
87,Talara,PE,2020-05-05 22:30:47,-4.58,-81.27,71.64,80,0,13.73
88,Marsaxlokk,MT,2020-05-05 22:31:16,35.84,14.54,64.99,93,75,9.17
89,New Norfolk,AU,2020-05-05 22:31:16,-42.78,147.06,55.99,80,100,1.01
90,Longyearbyen,SJ,2020-05-05 22:31:16,78.22,15.64,28.4,74,75,26.4
91,Pangoa,PE,2020-05-05 22:31:16,-12.12,-73.0,72.68,85,96,1.36
92,Prince Rupert,CA,2020-05-05 22:30:59,54.32,-130.32,55.08,57,48,3.49
93,Anadyr,RU,2020-05-05 22:31:16,64.75,177.48,21.2,79,0,6.71
94,Santa Cruz De Tenerife,ES,2020-05-05 22:31:17,28.47,-16.25,64.0,87,20,10.29
95,Faanui,PF,2020-05-05 22:31:17,-16.48,-151.75,82.04,76,45,9.35
96,Inhambane,MZ,2020-05-05 22:31:17,-23.86,35.38,69.57,73,12,6.02
97,Blythe,US,2020-05-05 22:31:17,33.61,-114.6,100.4,5,1,5.82
98,Hilo,US,2020-05-05 22:29:21,19.73,-155.09,80.6,51,90,9.04
99,Esna,EG,2020-05-05 22:31:18,25.29,32.55,78.8,34,0,11.41
100,Acapulco,MX,2020-05-05 22:31:18,16.86,-99.89,82.4,78,40,12.75
101,Nalut,LY,2020-05-05 22:31:18,30.33,10.85,75.96,18,11,2.33
102,Dumai,ID,2020-05-05 22:31:18,1.68,101.45,75.76,92,75,2.15
103,Tiznit,MA,2020-05-05 22:31:19,29.58,-9.5,64.27,69,59,2.35
104,Kapaa,US,2020-05-05 22:28:43,22.08,-159.32,78.8,74,75,14.99
105,Vestmanna,FO,2020-05-05 22:31:19,62.16,-7.17,44.6,81,91,17.22
106,Jamestown,US,2020-05-05 22:26:33,42.1,-79.24,48.2,39,1,11.41
107,Maldonado,UY,2020-05-05 22:26:26,-34.67,-54.92,59.0,82,90,31.09
108,San Cristobal,VE,2020-05-05 22:29:50,7.77,-72.22,91.4,41,40,13.87
109,Ararat,AM,2020-05-05 22:31:20,39.83,44.7,51.8,93,20,2.24
110,Pokhara,NP,2020-05-05 22:26:37,28.23,83.98,61.57,57,65,4.94
111,Laje,BR,2020-05-05 22:31:20,-10.18,-40.97,70.83,86,16,8.9
112,Isangel,VU,2020-05-05 22:31:20,-19.55,169.27,73.4,94,90,14.54
113,Kavieng,PG,2020-05-05 22:28:46,-2.57,150.8,82.74,79,100,5.17
114,Ust-Tsilma,RU,2020-05-05 22:31:21,65.44,52.15,29.95,98,48,2.59
115,Xining,CN,2020-05-05 22:31:21,36.62,101.77,55.45,71,18,1.48
116,Deda,RO,2020-05-05 22:31:21,46.93,24.9,52.0,87,100,2.24
117,Tasiilaq,GL,2020-05-05 22:31:21,65.61,-37.64,35.6,51,44,2.24
118,Guiratinga,BR,2020-05-05 22:31:21,-16.35,-53.76,73.42,70,88,1.66
119,Quiroga,MX,2020-05-05 22:31:22,19.67,-101.53,80.6,36,90,3.36
120,East London,ZA,2020-05-05 22:29:04,-33.02,27.91,64.54,68,88,12.77
121,Sao Filipe,CV,2020-05-05 22:31:22,14.9,-24.5,75.07,74,0,12.21
122,Bethel,US,2020-05-05 22:31:22,41.37,-73.41,60.01,22,1,5.82
123,Alexandria,EG,2020-05-05 22:30:14,31.22,29.96,66.2,63,40,11.41
124,Novosokolniki,RU,2020-05-05 22:31:23,56.35,30.16,50.25,95,100,8.08
125,Castro,BR,2020-05-05 22:31:23,-24.79,-50.01,61.2,75,100,5.1
126,Esperance,AU,2020-05-05 22:31:23,-33.87,121.9,55.4,62,40,29.97
127,Chuy,UY,2020-05-05 22:31:23,-33.7,-53.46,55.58,73,62,16.69
128,Menongue,AO,2020-05-05 22:31:23,-14.66,17.69,64.2,58,56,3.56
129,Codrington,AU,2020-05-05 22:31:24,-38.27,141.97,55.0,60,100,15.68
130,Jalu,LY,2020-05-05 22:31:24,29.03,21.55,63.81,47,0,10.45
131,Upernavik,GL,2020-05-05 22:31:24,72.79,-56.15,23.23,89,66,6.42
132,Lompoc,US,2020-05-05 22:29:17,34.64,-120.46,69.01,49,1,18.34
133,Putyatino,RU,2020-05-05 22:31:24,54.16,41.12,57.24,92,85,8.75
134,Santa Vitoria Do Palmar,BR,2020-05-05 22:31:24,-33.52,-53.37,56.23,71,55,17.58
135,Denpasar,ID,2020-05-05 22:31:25,-8.65,115.22,78.8,100,75,2.24
136,Thompson,CA,2020-05-05 22:31:25,55.74,-97.86,37.4,51,5,9.17
137,Portland,US,2020-05-05 22:27:24,45.52,-122.68,75.99,40,20,4.7
138,Nikolskoye,RU,2020-05-05 22:28:42,59.7,30.79,50.0,53,49,5.32
139,Juneau,US,2020-05-05 22:31:25,58.3,-134.42,51.8,57,90,16.11
140,Batagay-Alyta,RU,2020-05-05 22:31:25,67.8,130.41,24.4,93,100,2.48
141,Moussoro,TD,2020-05-05 22:31:25,13.64,16.49,86.22,14,8,10.87
142,Kenora,CA,2020-05-05 22:26:52,49.82,-94.43,59.0,26,40,9.17
143,Tanout,NE,2020-05-05 22:31:22,14.97,8.89,82.85,13,0,15.28
144,Bilma,NE,2020-05-05 22:31:26,18.69,12.92,82.04,13,0,7.92
145,Nantucket,US,2020-05-05 22:27:12,41.28,-70.1,53.6,50,1,10.29
146,Kungurtug,RU,2020-05-05 22:31:27,50.6,97.52,31.59,92,85,3.67
147,Hasaki,JP,2020-05-05 22:28:53,35.73,140.83,59.0,93,75,8.05
148,Ixtapa,MX,2020-05-05 22:31:27,20.7,-105.2,81.0,74,5,12.75
149,Manzhouli,CN,2020-05-05 22:31:27,49.6,117.43,48.97,49,96,9.78
150,Yar,RU,2020-05-05 22:31:27,58.25,52.1,51.93,75,78,7.9
151,Dingle,PH,2020-05-05 22:31:27,11.0,122.67,83.05,75,4,3.67
152,Ketchikan,US,2020-05-05 22:29:50,55.34,-131.65,55.4,71,75,16.11
153,Mehamn,NO,2020-05-05 22:31:28,71.04,27.85,39.2,82,40,20.8
154,Saint-Francois,FR,2020-05-05 22:31:28,46.42,3.91,53.6,81,1,2.24
155,Gubkinskiy,RU,2020-05-05 22:31:28,64.43,76.5,34.16,97,99,8.75
156,Richards Bay,ZA,2020-05-05 22:31:28,-28.78,32.04,66.38,80,27,7.65
157,Guerrero Negro,MX,2020-05-05 22:31:28,27.98,-114.06,77.59,45,0,16.53
158,Adrar,MR,2020-05-05 22:31:29,20.5,-10.07,92.32,10,0,6.2
159,Merauke,ID,2020-05-05 22:31:29,-8.47,140.33,79.41,82,100,16.4
160,Manali,IN,2020-05-05 22:31:29,13.17,80.27,84.99,83,20,3.36
161,San Policarpo,PH,2020-05-05 22:31:29,12.18,125.51,83.71,80,92,7.11
162,Celldomolk,HU,2020-05-05 22:31:29,47.26,17.15,50.0,66,82,11.41
163,Evensk,RU,2020-05-05 22:31:29,61.95,159.23,28.08,96,100,38.9
164,Provideniya,RU,2020-05-05 22:31:30,64.38,-173.3,30.2,63,55,4.47
165,Mount Isa,AU,2020-05-05 22:30:40,-20.73,139.5,69.8,46,0,13.87
166,Lima,PE,2020-05-05 22:26:37,-12.04,-77.03,69.8,77,84,8.05
167,Lavrentiya,RU,2020-05-05 22:31:30,65.58,-171.0,29.61,90,0,2.06
168,Pallipattu,IN,2020-05-05 22:31:30,13.34,79.44,79.83,78,0,3.98
169,Fallon,US,2020-05-05 22:31:30,39.47,-118.78,82.4,4,75,5.82
170,Vila Franca Do Campo,PT,2020-05-05 22:31:31,37.72,-25.43,60.8,77,20,11.41
171,Aksarka,RU,2020-05-05 22:31:31,66.56,67.8,34.45,98,100,10.98
172,Pisco,PE,2020-05-05 22:31:31,-13.7,-76.22,69.8,73,75,10.29
173,Hobyo,SO,2020-05-05 22:31:31,5.35,48.53,83.14,77,70,8.01
174,Saskylakh,RU,2020-05-05 22:28:52,71.92,114.08,-2.83,91,58,7.76
175,Khatanga,RU,2020-05-05 22:31:31,71.97,102.5,1.04,90,0,9.48
176,Duekoue,CI,2020-05-05 22:31:32,6.75,-7.35,75.76,92,15,1.79
177,Labrea,BR,2020-05-05 22:31:32,-7.26,-64.8,76.46,96,99,1.83
178,Mbanza-Ngungu,CD,2020-05-05 22:31:32,-5.25,14.87,70.18,96,100,2.15
179,Korostyshiv,UA,2020-05-05 22:31:32,50.32,29.06,46.0,92,63,6.15
180,Cidreira,BR,2020-05-05 22:26:36,-30.18,-50.21,66.69,86,94,7.49
181,Mahebourg,MU,2020-05-05 22:31:33,-20.41,57.7,73.4,94,75,3.36
182,Cape Coast,GH,2020-05-05 22:31:33,5.11,-1.25,81.73,84,0,5.46
183,Kahului,US,2020-05-05 22:29:08,20.89,-156.47,84.2,45,20,20.8
184,Dwarahat,IN,2020-05-05 22:31:33,29.78,79.43,54.25,82,0,4.16
185,Pacific Grove,US,2020-05-05 22:30:58,36.62,-121.92,69.01,63,1,9.17
186,Koshurnikovo,RU,2020-05-05 22:31:33,54.17,93.3,33.64,93,98,8.99
187,Nekrasovka,RU,2020-05-05 22:31:34,48.35,135.23,44.6,56,41,6.71
188,Kudahuvadhoo,MV,2020-05-05 22:31:34,2.67,72.89,83.97,76,96,13.47
189,Conakry,GN,2020-05-05 22:31:34,9.54,-13.68,81.43,83,53,6.76
190,Poum,NC,2020-05-05 22:31:34,-20.23,164.02,70.36,85,100,16.82
191,Garissa,KE,2020-05-05 22:31:34,-0.45,39.64,79.48,73,98,15.82
192,Norman Wells,CA,2020-05-05 22:31:35,65.28,-126.83,46.4,52,20,12.75
193,Srednekolymsk,RU,2020-05-05 22:31:35,67.45,153.68,30.72,95,94,5.91
194,Golyshmanovo,RU,2020-05-05 22:31:35,56.4,68.37,49.42,56,0,9.78
195,Sabang,ID,2020-05-05 22:31:35,5.89,95.32,83.7,76,100,14.29
196,Wajir,KE,2020-05-05 22:31:35,1.75,40.06,78.6,78,65,10.47
197,Vila Velha,BR,2020-05-05 22:27:28,-20.33,-40.29,75.2,83,10,11.41
198,Tiksi,RU,2020-05-05 22:28:35,71.69,128.87,18.97,97,100,8.25
199,Passa Quatro,BR,2020-05-05 22:31:36,-22.39,-44.97,60.66,92,88,2.04
200,Charyshskoye,RU,2020-05-05 22:31:36,51.4,83.56,35.22,87,92,2.24
201,Makokou,GA,2020-05-05 22:31:36,0.57,12.86,71.82,95,47,1.48
202,Kiunga,PG,2020-05-05 22:29:18,-6.12,141.29,73.85,98,100,2.24
203,San Patricio,MX,2020-05-05 22:31:36,19.22,-104.7,82.4,74,20,11.41
204,Santa Barbara,US,2020-05-05 22:31:00,34.42,-119.7,87.01,39,0,7.31
205,Cabo San Lucas,MX,2020-05-05 22:28:59,22.89,-109.91,89.6,27,5,4.7
206,Sitka,US,2020-05-05 22:31:37,57.05,-135.33,53.6,50,75,4.7
207,Yulara,AU,2020-05-05 22:31:37,-25.24,130.99,44.6,39,1,6.93
208,Orange Walk,BZ,2020-05-05 22:31:37,17.83,-88.83,89.01,70,75,11.41
209,Xihua,CN,2020-05-05 22:31:37,33.78,114.52,59.92,72,0,7.02
210,Alanya,TR,2020-05-05 22:31:38,36.54,32.0,64.38,57,0,4.32
211,Bandarbeyla,SO,2020-05-05 22:31:38,9.49,50.81,82.72,71,39,4.94
212,Teya,RU,2020-05-05 22:31:38,60.38,92.63,34.99,88,97,6.53
213,Hambantota,LK,2020-05-05 22:31:38,6.12,81.12,81.34,82,84,9.6
214,Klaksvik,FO,2020-05-05 22:31:38,62.23,-6.59,44.6,81,79,17.22
215,Myre,NO,2020-05-05 22:31:38,69.1,15.95,37.4,86,100,20.8
216,Chazuta,PE,2020-05-05 22:31:39,-6.57,-76.14,91.4,59,40,11.41
217,Kampong Thum,KH,2020-05-05 22:31:39,12.71,104.89,82.35,77,52,6.4
218,Mpraeso,GH,2020-05-05 22:31:39,6.59,-0.73,73.89,98,11,3.78
219,Sheoganj,IN,2020-05-05 22:31:39,25.15,73.07,84.24,32,0,6.49
220,Asosa,ET,2020-05-05 22:31:39,10.07,34.53,71.31,58,0,2.21
221,Udachnyy,RU,2020-05-05 22:31:39,66.42,112.4,12.2,92,90,6.71
222,Geraldton,AU,2020-05-05 22:31:40,-28.77,114.6,64.4,55,90,19.46
223,Riachao Das Neves,BR,2020-05-05 22:31:40,-11.75,-44.91,72.86,81,38,2.33
224,Port Hardy,CA,2020-05-05 22:29:08,50.7,-127.42,57.2,62,75,13.87
225,Cherusti,RU,2020-05-05 22:31:40,55.55,40.01,56.01,95,97,8.52
226,Bayir,TR,2020-05-05 22:31:40,37.27,28.22,57.2,87,0,3.36
227,Padang,ID,2020-05-05 22:31:40,-0.95,100.35,77.86,87,100,8.25
228,Vega De Alatorre,MX,2020-05-05 22:31:40,20.03,-96.63,85.75,65,71,8.68
229,Fairbanks,US,2020-05-05 22:30:26,64.84,-147.72,61.0,30,20,6.93
230,Vanimo,PG,2020-05-05 22:31:41,-2.67,141.3,82.72,76,87,3.71
231,Santa Teresa,VE,2020-05-05 22:31:41,10.23,-66.66,80.01,66,73,1.99
232,Hamilton,US,2020-05-05 22:31:41,39.18,-84.53,52.0,57,90,6.93
233,West Bay,KY,2020-05-05 22:31:41,19.37,-81.42,87.8,66,20,8.05
234,Vao,NC,2020-05-05 22:31:41,-22.67,167.48,72.55,72,100,25.68
235,Nanortalik,GL,2020-05-05 22:31:42,60.14,-45.24,40.87,79,98,12.48
236,Nuevo Progreso,MX,2020-05-05 22:31:42,23.17,-97.95,89.01,51,97,8.01
237,Tak,TH,2020-05-05 22:31:42,16.58,98.83,70.27,91,32,2.15
238,Inirida,CO,2020-05-05 22:27:00,3.87,-67.92,82.63,82,68,0.85
239,Monrovia,LR,2020-05-05 22:30:34,6.3,-10.8,80.6,94,40,5.39
240,Ponta Do Sol,PT,2020-05-05 22:31:42,32.67,-17.1,66.2,77,40,2.24
241,Galle,LK,2020-05-05 22:26:56,6.04,80.22,82.2,78,95,4.45
242,Mount Gambier,AU,2020-05-05 22:29:58,-37.83,140.77,50.0,76,100,10.29
243,Shima,CN,2020-05-05 22:31:43,24.45,117.81,77.0,94,2,8.95
244,Tuatapere,NZ,2020-05-05 22:28:38,-46.13,167.68,47.61,85,92,4.85
245,Quesnel,CA,2020-05-05 22:31:43,53.0,-122.5,62.6,21,1,5.82
246,Lafia,NG,2020-05-05 22:31:43,8.48,8.52,84.54,54,0,1.92
247,Kilindoni,TZ,2020-05-05 22:31:43,-7.91,39.67,81.41,78,100,21.68
248,Laguna,US,2020-05-05 22:31:44,38.42,-121.42,84.99,17,1,10.29
249,Aykhal,RU,2020-05-05 22:30:04,66.0,111.5,12.2,92,90,6.71
250,Samarai,PG,2020-05-05 22:31:44,-10.62,150.67,80.46,77,100,16.04
251,Komsomolskiy,UZ,2020-05-05 22:27:01,40.43,71.72,60.8,72,90,6.93
252,Muros,ES,2020-05-05 22:31:44,42.78,-9.06,61.0,86,71,8.99
253,Smolenka,RU,2020-05-05 22:31:44,52.14,113.5,51.8,27,40,4.47
254,Nago,JP,2020-05-05 22:31:44,26.59,127.98,75.2,94,90,11.41
255,Lagoa,PT,2020-05-05 22:28:36,39.05,-27.98,60.28,73,90,15.43
256,Iskateley,RU,2020-05-05 22:31:45,67.68,53.15,31.1,98,99,10.98
257,Lorengau,PG,2020-05-05 22:26:46,-2.02,147.27,81.88,80,100,3.8
258,Saint-Philippe,RE,2020-05-05 22:31:45,-21.36,55.77,75.2,83,39,9.31
259,Brookhaven,US,2020-05-05 22:31:45,31.58,-90.44,82.0,67,70,8.08
260,Maralal,KE,2020-05-05 22:31:45,1.1,36.7,59.13,95,90,3.91
261,Shahr-E Babak,IR,2020-05-05 22:31:46,30.12,55.12,66.02,27,28,3.56
262,Nemuro,JP,2020-05-05 22:31:46,43.32,145.57,42.82,77,76,7.94
263,Taunggyi,MM,2020-05-05 22:31:46,20.78,97.03,65.03,71,47,1.88
264,Fare,PF,2020-05-05 22:31:46,-16.7,-151.02,82.85,72,35,8.41
265,Puerto Quijarro,BO,2020-05-05 22:31:46,-17.78,-57.77,80.6,54,69,2.06
266,Touros,BR,2020-05-05 22:31:46,-5.2,-35.46,78.8,94,40,3.36
267,Dauphin,CA,2020-05-05 22:31:46,51.15,-100.05,60.8,25,1,14.99
268,Kendari,ID,2020-05-05 22:31:47,-3.94,122.5,78.06,85,97,1.59
269,Caucaia,BR,2020-05-05 22:31:47,-3.74,-38.65,84.2,74,75,13.87
270,Tuy Hoa,VN,2020-05-05 22:31:47,13.08,109.3,76.35,84,0,3.47
271,Caravelas,BR,2020-05-05 22:31:47,-17.71,-39.25,72.48,76,20,4.43
272,Qujing,CN,2020-05-05 22:31:47,25.48,103.78,61.27,71,0,10.47
273,Cabiraoan,PH,2020-05-05 22:31:47,18.32,122.09,82.62,79,27,3.4
274,Rio Cuarto,AR,2020-05-05 22:31:47,-33.13,-64.35,53.6,50,19,6.93
275,Porto Torres,IT,2020-05-05 22:31:48,40.84,8.4,66.99,88,100,2.24
276,Saint George,US,2020-05-05 22:31:00,37.1,-113.58,87.8,7,1,2.19
277,Baykit,RU,2020-05-05 22:31:48,61.67,96.37,34.41,86,89,6.93
278,Itarema,BR,2020-05-05 22:31:48,-2.92,-39.92,79.86,85,85,12.73
279,Beaufort,MY,2020-05-05 22:31:49,5.35,115.75,78.8,100,75,2.64
280,Westerly,US,2020-05-05 22:27:00,41.38,-71.83,64.4,20,1,5.82
281,La Ronge,CA,2020-05-05 22:31:49,55.1,-105.28,55.4,32,5,9.17
282,Namatanai,PG,2020-05-05 22:31:49,-3.67,152.43,84.42,63,99,1.92
283,Bismarck,US,2020-05-05 22:31:49,46.81,-100.78,55.4,43,75,16.11
284,Asau,RO,2020-05-05 22:31:49,46.43,26.4,50.0,74,100,4.07
285,Dalbandin,PK,2020-05-05 22:31:33,28.89,64.41,75.7,19,2,2.75
286,Grindavik,IS,2020-05-05 22:29:04,63.84,-22.43,42.8,81,75,12.75
287,Edson,CA,2020-05-05 22:30:27,53.58,-116.44,60.8,26,1,11.41
288,Hilpoltstein,DE,2020-05-05 22:31:50,49.19,11.19,41.0,81,0,3.36
289,Buraydah,SA,2020-05-05 22:31:50,26.33,43.98,82.4,61,12,14.99
290,Ndele,CF,2020-05-05 22:31:50,8.41,20.65,75.16,81,100,5.08
291,Witu,KE,2020-05-05 22:31:50,-2.39,40.44,77.65,90,100,12.17
292,Auki,SB,2020-05-05 22:31:51,-8.77,160.7,86.38,60,17,1.25
293,Souillac,MU,2020-05-05 22:29:05,-20.52,57.52,73.4,94,75,3.36
294,Alihe,CN,2020-05-05 22:31:51,50.57,123.72,53.42,40,0,3.85
295,Catalina,US,2020-05-05 22:31:51,32.51,-110.92,99.0,9,0,4.0
296,Laviana,ES,2020-05-05 22:31:51,43.23,-5.53,59.0,80,57,3.53
297,Cockburn Town,TC,2020-05-05 22:31:51,21.46,-71.14,79.68,82,0,14.76
298,Huescar,ES,2020-05-05 22:31:51,37.81,-2.54,68.0,73,34,1.88
299,Oxford,GB,2020-05-05 22:31:23,51.75,-1.26,45.0,70,0,9.17
300,Saint-Joseph,RE,2020-05-05 22:31:52,-21.37,55.62,73.4,83,37,8.14
301,Camargo,MX,2020-05-05 22:31:52,27.67,-105.17,90.91,20,63,17.2
302,Tegh,AM,2020-05-05 22:31:52,39.56,46.48,50.77,82,28,5.77
303,Atar,MR,2020-05-05 22:31:52,20.52,-13.05,84.11,14,0,3.69
304,Tazovskiy,RU,2020-05-05 22:31:52,67.47,78.7,26.69,99,100,7.85
305,Venezuela,VE,2020-05-05 22:31:53,8.0,-66.0,93.94,39,7,11.88
306,Mackay,AU,2020-05-05 22:31:53,-21.15,149.2,70.0,77,31,13.87
307,Qostanay,KZ,2020-05-05 22:31:54,53.17,63.58,44.6,44,24,8.95
308,Pyinmana,MM,2020-05-05 22:31:54,19.73,96.22,79.48,60,41,3.56
309,Flinders,AU,2020-05-05 22:29:10,-34.58,150.86,62.01,91,28,4.0
310,Havre-Saint-Pierre,CA,2020-05-05 22:31:55,50.23,-63.6,41.0,48,75,16.11
311,Independencia,BR,2020-05-05 22:31:55,-5.4,-40.31,73.2,89,3,3.83
312,Tawau,MY,2020-05-05 22:31:56,4.25,117.89,77.0,100,40,4.7
313,Ciudad Bolivar,VE,2020-05-05 22:31:56,8.12,-63.55,90.79,45,83,10.92
314,Koslan,RU,2020-05-05 22:31:57,63.46,48.9,40.42,91,90,4.99
315,Bambous Virieux,MU,2020-05-05 22:31:58,-20.34,57.76,73.4,94,75,3.36
316,Sabalgarh,IN,2020-05-05 22:31:59,26.25,77.4,87.04,26,63,5.97
317,Lerwick,GB,2020-05-05 22:28:37,60.15,-1.15,48.2,81,76,12.75
318,Erice,IT,2020-05-05 22:32:00,38.04,12.59,62.6,88,84,9.17
319,Santa Marinella,IT,2020-05-05 22:32:00,42.03,11.85,55.0,93,100,10.29
320,Norfolk,US,2020-05-05 22:32:01,42.17,-71.25,59.0,28,1,9.17
321,Petropavlovsk-Kamchatskiy,RU,2020-05-05 22:32:01,53.05,158.65,33.8,100,75,4.47
322,Vitim,RU,2020-05-05 22:32:02,59.45,112.56,48.54,72,100,14.12
323,Flin Flon,CA,2020-05-05 22:32:02,54.77,-101.86,48.2,26,20,5.82
324,Uige,AO,2020-05-05 22:32:02,-7.61,15.06,70.32,90,100,3.47
325,Telemaco Borba,BR,2020-05-05 22:27:43,-24.32,-50.62,64.44,68,100,1.79
326,Wick,GB,2020-05-05 22:32:03,58.43,-3.08,42.8,81,0,2.24
327,Quatre Cocos,MU,2020-05-05 22:32:04,-20.21,57.76,73.4,94,75,3.36
328,Amberley,US,2020-05-05 22:29:39,39.2,-84.43,52.0,57,90,6.93
329,San Vicente,AR,2020-05-05 22:27:07,-26.62,-54.13,62.64,100,27,2.98
330,Tahlequah,US,2020-05-05 22:32:04,35.92,-94.97,73.99,35,1,10.29
331,Sorland,NO,2020-05-05 22:29:05,67.67,12.69,39.2,78,75,12.75
332,Taltal,CL,2020-05-05 22:32:04,-25.4,-70.48,61.34,71,18,4.45
333,Alta Floresta,BR,2020-05-05 22:32:04,-9.88,-56.09,86.0,74,20,2.24
334,Ust-Kulom,RU,2020-05-05 22:32:05,61.69,53.69,48.31,98,100,1.99
335,Leningradskiy,RU,2020-05-05 22:32:05,69.38,178.42,21.2,93,3,8.55
336,Korla,CN,2020-05-05 22:32:05,41.76,86.15,60.4,55,67,4.76
337,Constitucion,CL,2020-05-05 22:29:12,-35.33,-72.42,60.26,55,0,12.5
338,Trinidad,BO,2020-05-05 22:32:05,-14.83,-64.9,84.2,79,20,3.36
339,Wilmington,US,2020-05-05 22:28:08,34.23,-77.94,71.6,73,1,9.17
340,Elk City,US,2020-05-05 22:32:05,35.41,-99.4,75.2,20,1,6.93
341,Honiara,SB,2020-05-05 22:32:06,-9.43,159.95,86.0,74,20,1.12
342,Am Timan,TD,2020-05-05 22:32:06,11.03,20.28,89.31,29,23,5.64
343,Krasnoselkup,RU,2020-05-05 22:32:06,65.7,82.47,24.58,94,90,7.81
344,Ilulissat,GL,2020-05-05 22:29:21,69.22,-51.1,28.4,58,0,8.05
345,Taoudenni,ML,2020-05-05 22:32:06,22.68,-3.98,93.56,10,0,6.6
346,Tura,IN,2020-05-05 22:28:41,25.52,90.22,70.9,88,47,3.04
347,Itatinga,BR,2020-05-05 22:32:06,-23.1,-48.62,59.22,74,67,3.31
348,Luorong,CN,2020-05-05 22:32:07,24.41,109.61,78.35,78,8,2.64
349,Atagay,RU,2020-05-05 22:32:07,55.1,99.39,38.95,74,95,14.07
350,Mayumba,GA,2020-05-05 22:32:07,-3.43,10.66,78.55,92,88,5.95
351,Maniitsoq,GL,2020-05-05 22:32:07,65.42,-52.9,31.44,92,100,13.35
352,Ostrovnoy,RU,2020-05-05 22:32:07,68.05,39.51,35.44,86,78,20.98
353,Gambo,CF,2020-05-05 22:32:07,4.65,22.26,71.28,96,100,0.34
354,Liwale,TZ,2020-05-05 22:32:08,-9.77,37.93,68.72,85,35,5.01
355,Dudinka,RU,2020-05-05 22:32:05,69.41,86.18,17.6,85,100,8.95
356,Mbengwi,CM,2020-05-05 22:32:08,6.02,10.0,66.15,87,2,1.7
357,Kuah,MY,2020-05-05 22:31:14,6.33,99.84,78.8,100,20,2.24
358,Mariental,NA,2020-05-05 22:32:08,-24.63,17.97,66.2,25,0,9.95
359,Lakatoro,VU,2020-05-05 22:32:08,-16.1,167.42,78.8,83,75,6.93
360,Volot,RU,2020-05-05 22:32:08,57.93,30.7,48.61,90,98,8.21
361,Shangzhi,CN,2020-05-05 22:28:33,45.22,127.97,44.87,80,0,4.09
362,Nishihara,JP,2020-05-05 22:32:09,26.18,127.76,75.2,94,75,20.8
363,Aklavik,CA,2020-05-05 22:29:03,68.22,-135.01,33.8,86,90,3.36
364,Bambanglipuro,ID,2020-05-05 22:32:09,-7.95,110.28,77.79,87,77,4.25
365,Yen Bai,VN,2020-05-05 22:32:09,21.7,104.87,77.74,88,100,1.39
366,Gazojak,TM,2020-05-05 22:32:09,41.19,61.4,67.26,48,11,7.81
367,Skjervoy,NO,2020-05-05 22:32:09,70.03,20.97,40.69,76,98,15.35
368,Chara,RU,2020-05-05 22:32:10,56.91,118.26,45.3,54,85,0.49
369,La Macarena,CO,2020-05-05 22:32:10,2.18,-73.78,77.05,91,38,2.37
370,Jurm,AF,2020-05-05 22:32:10,36.86,70.83,52.11,46,46,1.28
371,Los Llanos De Aridane,ES,2020-05-05 22:32:10,28.66,-17.92,68.0,68,73,6.93
372,Neiafu,TO,2020-05-05 22:32:10,-18.65,-173.98,84.2,70,40,10.29
373,Marzuq,YE,2020-05-05 22:32:10,14.4,46.47,75.15,68,42,6.15
374,Badarwas,IN,2020-05-05 22:32:10,24.97,77.57,79.84,27,0,3.87
375,Vostok,RU,2020-05-05 22:28:50,46.49,135.88,44.24,66,27,1.28
376,Harper,LR,2020-05-05 22:32:11,4.38,-7.72,80.73,83,100,5.5
377,Kostomuksha,RU,2020-05-05 22:32:11,64.57,30.58,34.54,87,0,5.66
378,Edea,CM,2020-05-05 22:32:11,3.8,10.13,82.4,88,40,2.24
379,Foki,RU,2020-05-05 22:32:11,56.69,54.35,51.35,69,87,5.26
380,Nuevitas,CU,2020-05-05 22:32:11,21.55,-77.26,80.44,76,43,13.98
381,Kapit,MY,2020-05-05 22:32:11,2.02,112.93,76.12,94,97,1.1
382,La Libertad,EC,2020-05-05 22:32:12,-2.23,-80.9,80.6,74,59,5.82
383,Santa Rosa De Viterbo,BR,2020-05-05 22:32:12,-21.47,-47.36,78.8,47,97,1.12
384,Chernyshevskiy,RU,2020-05-05 22:32:12,63.01,112.47,42.33,80,100,5.77
385,Manadhoo,MV,2020-05-05 22:32:12,5.77,73.38,85.01,80,85,13.56
386,Kontagora,NG,2020-05-05 22:32:12,10.4,5.47,85.68,45,12,3.67
387,Oranjemund,NA,2020-05-05 22:32:12,-28.55,16.43,62.8,52,1,6.29
388,Broome,US,2020-05-05 22:32:13,42.25,-75.83,53.01,29,1,6.93
389,Tan An,VN,2020-05-05 22:32:13,10.53,106.42,84.2,79,40,5.82
390,Rock Sound,BS,2020-05-05 22:32:13,24.9,-76.2,77.63,66,0,5.53
391,Augusto Correa,BR,2020-05-05 22:32:13,-1.02,-46.63,76.93,96,100,5.73
392,Rodrigues Alves,BR,2020-05-05 22:32:13,-7.74,-72.65,86.0,74,40,4.7
393,Namibe,AO,2020-05-05 22:32:13,-15.2,12.15,77.61,69,0,1.12
394,Marawi,PH,2020-05-05 22:32:13,8.0,124.29,79.0,90,50,5.01
395,Inongo,CD,2020-05-05 22:32:14,-1.95,18.27,73.47,93,100,2.33
396,Carora,VE,2020-05-05 22:32:14,10.18,-70.08,88.36,42,50,15.97
397,Malazgirt,TR,2020-05-05 22:32:14,39.14,42.54,45.73,83,93,3.0
398,Dhidhdhoo,MV,2020-05-05 22:32:14,6.88,73.1,85.66,79,78,10.74
399,Houma,US,2020-05-05 22:29:53,29.6,-90.72,89.01,58,40,5.82
400,Alofi,NU,2020-05-05 22:32:14,-19.06,-169.92,84.2,70,20,6.93
401,Rantepao,ID,2020-05-05 22:32:15,-2.97,119.9,68.81,91,100,1.34
402,Ranikhet,IN,2020-05-05 22:32:15,29.65,79.42,51.3,92,6,4.7
403,Natal,BR,2020-05-05 22:32:09,-5.79,-35.21,78.8,94,40,3.36
404,Watsonville,US,2020-05-05 22:32:15,36.91,-121.76,81.0,38,1,5.82
405,Nilanga,IN,2020-05-05 22:32:15,18.1,76.77,84.18,35,52,7.52
406,Hovd,MN,2020-05-05 22:32:15,48.01,91.64,36.68,73,78,7.63
407,Marienburg,PL,2020-05-05 22:32:16,54.04,19.03,45.0,100,99,13.27
408,Moose Factory,CA,2020-05-05 22:32:16,51.26,-80.61,33.8,64,1,9.17
409,Saint-Ambroise,CA,2020-05-05 22:32:16,48.55,-71.33,46.99,79,96,1.99
410,Viedma,AR,2020-05-05 22:32:16,-40.81,-63.0,50.27,76,48,8.52
411,Champerico,GT,2020-05-05 22:32:16,14.3,-91.92,75.2,94,90,6.93
412,Basco,PH,2020-05-05 22:32:16,20.45,121.97,82.58,75,0,9.66
413,Sistranda,NO,2020-05-05 22:32:16,63.73,8.83,42.8,93,75,28.86
414,Okhotsk,RU,2020-05-05 22:32:17,59.38,143.3,35.33,84,23,13.27
415,Sinnamary,GF,2020-05-05 22:32:17,5.38,-52.95,78.89,86,98,12.86
416,Mandera,KE,2020-05-05 22:32:17,3.94,41.87,83.03,64,35,12.15
417,Nautanwa,IN,2020-05-05 22:32:17,27.43,83.42,72.75,55,12,2.55
418,Huarmey,PE,2020-05-05 22:32:17,-10.07,-78.15,69.55,79,59,9.86
419,Odweyne,SO,2020-05-05 22:32:18,9.41,45.06,75.52,69,85,5.23
420,Lamar,US,2020-05-05 22:32:18,33.67,-95.58,75.99,41,1,9.17
421,Vidalia,US,2020-05-05 22:32:18,32.22,-82.41,87.8,33,1,11.41
422,Kamenka,RU,2020-05-05 22:32:18,51.32,42.77,57.99,92,100,13.11
423,Kiruna,SE,2020-05-05 22:32:18,67.86,20.23,33.8,80,59,26.4
424,Arecibo,PR,2020-05-05 22:32:18,18.47,-66.72,84.0,86,59,4.0
425,Cayenne,GF,2020-05-05 22:30:37,4.93,-52.33,82.4,83,75,8.05
426,Ibirama,BR,2020-05-05 22:32:19,-27.06,-49.52,66.99,82,94,1.21
427,Iquique,CL,2020-05-05 22:32:19,-20.22,-70.14,66.2,72,20,10.29
428,Bend,US,2020-05-05 22:32:19,44.06,-121.32,75.2,16,20,10.29
429,Sao Domingos,BR,2020-05-05 22:32:19,-13.4,-46.32,72.23,71,32,4.32
430,Zaysan,KZ,2020-05-05 22:32:19,47.47,84.87,38.16,72,54,7.54
431,Bubaque,GW,2020-05-05 22:32:20,11.28,-15.83,79.36,79,4,15.73
432,Zyryanka,RU,2020-05-05 22:29:50,65.75,150.85,28.69,97,76,4.99
433,Tevaitoa,PF,2020-05-05 22:32:20,-16.78,-151.5,82.9,73,39,9.35
434,Seoul,KR,2020-05-05 22:28:21,37.57,126.98,55.4,82,1,2.8
435,Kruisfontein,ZA,2020-05-05 22:32:20,-34.0,24.73,55.98,73,11,6.02
436,Banyo,CM,2020-05-05 22:32:20,6.75,11.82,68.4,79,6,2.8
437,Epe,NG,2020-05-05 22:32:20,6.58,3.98,79.48,91,43,4.47
438,Buchanan,LR,2020-05-05 22:32:21,5.88,-10.05,80.6,94,40,5.12
439,Husavik,IS,2020-05-05 22:29:22,66.04,-17.34,46.4,49,0,23.04
440,Tupiza,BO,2020-05-05 22:32:21,-21.45,-65.72,61.32,30,0,4.63
441,Singkawang,ID,2020-05-05 22:32:21,0.9,109.0,78.1,90,94,3.33
442,Apatity,RU,2020-05-05 22:32:21,67.56,33.4,30.22,96,77,5.86
443,Clyde River,CA,2020-05-05 22:29:48,70.47,-68.59,12.2,85,20,8.05
444,Goderich,CA,2020-05-05 22:30:27,43.75,-81.72,51.01,69,100,16.91
445,Ahipara,NZ,2020-05-05 22:32:22,-35.17,173.17,59.52,58,1,16.31
446,Awjilah,LY,2020-05-05 22:32:22,29.11,21.29,63.68,47,0,9.82
447,Wasilla,US,2020-05-05 22:32:22,61.58,-149.44,57.2,35,1,4.7
448,Mahdasht,IR,2020-05-05 22:32:22,35.73,50.81,66.2,48,75,4.7
449,Soldotna,US,2020-05-05 22:32:22,60.49,-151.06,57.99,43,1,8.05
450,Katsuura,JP,2020-05-05 22:29:06,35.13,140.3,64.0,78,100,5.99
451,Te Anau,NZ,2020-05-05 22:28:38,-45.42,167.72,45.57,79,56,0.27
452,Darnah,LY,2020-05-05 22:32:23,32.77,22.64,60.82,77,0,14.41
453,Sao Joao Da Barra,BR,2020-05-05 22:29:49,-21.64,-41.05,75.2,73,91,5.82
454,Redmond,US,2020-05-05 22:32:23,47.67,-122.12,73.0,46,27,2.86
455,Madera,US,2020-05-05 22:32:23,37.17,-119.83,86.0,23,25,1.99
456,College,US,2020-05-05 22:29:00,64.86,-147.8,59.0,33,20,5.82
457,Mouila,GA,2020-05-05 22:32:24,-1.87,11.06,75.56,95,85,1.43
458,Boa Vista,BR,2020-05-05 22:32:24,2.82,-60.67,87.8,58,40,3.36
459,Nanakuli,US,2020-05-05 22:32:24,21.39,-158.15,84.2,50,20,10.29
460,Avera,US,2020-05-05 22:32:24,33.19,-82.53,86.0,42,1,8.05
461,Gravdal,NO,2020-05-05 22:32:24,68.12,13.5,37.76,79,100,28.77
462,Ouesso,CG,2020-05-05 22:32:24,1.61,16.05,73.02,91,89,0.76
463,Esil,KZ,2020-05-05 22:32:25,51.96,66.4,47.91,52,0,8.43
464,At-Bashi,KG,2020-05-05 22:32:25,41.17,75.81,45.14,66,100,3.51
465,Kamaishi,JP,2020-05-05 22:32:25,39.27,141.88,52.47,71,99,7.96
466,Saint-Augustin,CA,2020-05-05 22:32:25,51.23,-58.65,33.94,92,100,24.49
467,Nobeoka,JP,2020-05-05 22:32:25,32.58,131.67,64.0,88,100,4.0
468,Khipro,PK,2020-05-05 22:32:25,25.83,69.38,84.65,49,2,7.83
469,Markova,UA,2020-05-05 22:32:26,48.68,24.41,38.08,86,92,6.8
470,Vila,PT,2020-05-05 22:32:26,42.03,-8.16,52.0,90,5,1.99
471,Bafq,IR,2020-05-05 22:32:26,31.61,55.41,77.18,21,54,4.29
472,Raudeberg,NO,2020-05-05 22:32:26,61.99,5.14,45.0,92,100,25.61
473,Lahad Datu,MY,2020-05-05 22:32:26,5.03,118.33,80.49,85,3,2.89
474,Feijo,BR,2020-05-05 22:32:26,-8.16,-70.35,79.5,78,23,2.42
475,Manbij,SY,2020-05-05 22:32:27,36.53,37.95,57.2,71,40,14.32
476,Sola,VU,2020-05-05 22:32:27,-13.88,167.55,82.4,88,40,10.83
477,Saint-Louis,SN,2020-05-05 22:32:27,16.33,-15.0,96.8,20,0,2.24
478,Pucheni,RO,2020-05-05 22:32:27,45.18,25.28,48.99,89,100,1.01
479,Tommot,RU,2020-05-05 22:32:27,58.96,126.29,42.31,67,1,3.06
480,Talnakh,RU,2020-05-05 22:32:28,69.49,88.4,17.6,85,100,8.95
481,Birjand,IR,2020-05-05 22:32:28,32.87,59.22,55.4,28,0,6.93
482,Iqaluit,CA,2020-05-05 22:32:28,63.75,-68.51,19.4,67,5,10.29
483,Farsund,NO,2020-05-05 22:32:28,58.09,6.8,45.0,78,68,20.11
484,Ewa Beach,US,2020-05-05 22:32:28,21.32,-158.01,84.2,39,40,13.87
485,Cangzhou,CN,2020-05-05 22:32:28,38.32,116.87,64.62,39,50,6.26
486,Verkhnevilyuysk,RU,2020-05-05 22:32:28,63.45,120.32,41.95,68,100,4.65
487,Hervey Bay,AU,2020-05-05 22:32:29,-25.3,152.85,63.0,92,1,7.0
488,Praia,CV,2020-05-05 22:32:29,14.92,-23.51,73.4,73,20,11.41
489,Tomatlan,MX,2020-05-05 22:32:29,19.93,-105.25,86.32,44,0,8.14
490,Olafsvik,IS,2020-05-05 22:32:29,64.89,-23.71,42.55,87,24,8.7
491,Sharjah,AE,2020-05-05 22:32:29,25.36,55.4,82.4,56,42,4.7
492,Batticaloa,LK,2020-05-05 22:32:29,7.71,81.69,82.47,82,75,6.11
493,Rawson,AR,2020-05-05 22:32:30,-43.3,-65.1,52.09,61,0,3.85
494,San Ramon,US,2020-05-05 22:30:21,37.78,-121.98,80.01,29,1,14.99
495,Kodiak,US,2020-05-05 22:32:30,57.79,-152.41,46.4,70,90,24.16
496,Senneterre,CA,2020-05-05 22:32:30,48.38,-77.23,41.0,32,5,9.17
497,Druzhba,UA,2020-05-05 22:32:30,52.04,33.95,54.03,93,63,3.58
498,Shimoda,JP,2020-05-05 22:32:30,34.67,138.95,66.2,77,75,9.17
499,Davila,PH,2020-05-05 22:32:30,18.47,120.58,78.8,94,40,1.12
500,Airai,TL,2020-05-05 22:32:31,-8.93,125.41,64.45,100,34,3.29
501,Cap Malheureux,MU,2020-05-05 22:32:31,-19.98,57.61,73.0,85,21,3.0
502,Axim,GH,2020-05-05 22:30:06,4.87,-2.24,81.43,84,73,5.61
503,Seymchan,RU,2020-05-05 22:32:31,62.88,152.43,29.21,93,100,15.73
504,Okha,RU,2020-05-05 22:32:31,53.57,142.95,33.69,91,69,9.01
505,Halifax,CA,2020-05-05 22:31:01,44.65,-63.57,37.99,71,96,4.0
506,Port Moresby,PG,2020-05-05 22:32:32,-9.44,147.18,78.8,83,40,11.41
507,Maun,BW,2020-05-05 22:32:32,-19.98,23.42,66.2,42,0,10.29
508,Vardo,NO,2020-05-05 22:32:32,70.37,31.11,39.2,64,75,9.17
509,Lewisporte,CA,2020-05-05 22:32:32,49.25,-55.05,33.8,100,90,12.75
510,Sangar,RU,2020-05-05 22:32:32,63.92,127.47,34.36,84,100,5.64
511,Katobu,ID,2020-05-05 22:32:32,-4.94,122.53,78.15,88,92,1.1
512,Slave Lake,CA,2020-05-05 22:32:32,55.28,-114.77,66.2,24,40,11.41
513,Luanda,AO,2020-05-05 22:31:08,-8.84,13.23,82.4,78,75,2.24
514,Primorsko-Akhtarsk,RU,2020-05-05 22:32:33,46.05,38.17,55.76,94,0,11.92
515,Hokitika,NZ,2020-05-05 22:28:42,-42.72,170.97,49.1,52,14,3.58
516,Sur,OM,2020-05-05 22:30:55,22.57,59.53,90.48,40,0,8.55
517,Uribia,CO,2020-05-05 22:32:33,11.71,-72.27,87.89,56,100,16.89
518,Deer Lake,CA,2020-05-05 22:30:08,49.17,-57.43,32.0,88,90,18.34
519,Furstenwalde,DE,2020-05-05 22:32:34,52.37,14.07,46.99,33,0,6.35
520,Kirakira,SB,2020-05-05 22:32:34,-10.45,161.92,84.85,65,50,2.44
521,Tsiroanomandidy,MG,2020-05-05 22:32:34,-18.77,46.03,63.52,85,0,2.64
522,San Quintin,MX,2020-05-05 22:28:55,30.48,-115.95,74.44,53,0,14.99
523,Morondava,MG,2020-05-05 22:32:34,-20.28,44.28,75.88,67,0,5.28
524,Boituva,BR,2020-05-05 22:32:34,-23.28,-47.67,73.4,40,65,4.7
525,Essenbach,DE,2020-05-05 22:32:34,48.62,12.22,46.0,66,47,5.03
526,Charlestown,AU,2020-05-05 22:32:35,-32.95,151.67,55.99,95,24,3.0
527,Yeniseysk,RU,2020-05-05 22:32:35,58.45,92.17,35.92,88,98,10.0
528,Meulaboh,ID,2020-05-05 22:32:35,4.14,96.13,77.67,84,100,2.46
529,Santa Lucia,ES,2020-05-05 22:32:35,27.91,-15.54,68.0,64,20,14.99
530,Sinop,TR,2020-05-05 22:32:35,41.77,34.87,49.17,85,95,4.61
531,Esmeraldas,BR,2020-05-05 22:32:35,-19.76,-44.31,71.6,68,77,2.24
532,Hirara,JP,2020-05-05 22:32:36,24.8,125.28,78.8,94,75,12.75
533,Marrakesh,MA,2020-05-05 22:30:31,31.63,-8.01,71.6,60,98,4.7
534,Dzhebariki-Khaya,RU,2020-05-05 22:32:36,62.22,135.8,36.28,83,73,0.18
535,Ancud,CL,2020-05-05 22:32:36,-41.87,-73.82,50.0,93,37,1.12
536,Kindu,CD,2020-05-05 22:32:36,-2.95,25.95,71.51,92,67,0.6
537,Ostrowiec Swietokrzyski,PL,2020-05-05 22:32:36,50.93,21.39,43.0,76,42,3.0
538,Mirwah,YE,2020-05-05 22:32:37,13.92,43.92,74.86,69,99,3.24
539,Nagato,JP,2020-05-05 22:32:37,34.38,131.2,66.0,88,75,3.36
540,Birao,CF,2020-05-05 22:32:37,10.28,22.79,86.22,38,89,5.93
541,Carmen,MX,2020-05-05 22:31:51,18.63,-91.83,89.6,70,5,12.75
542,Ishigaki,JP,2020-05-05 22:28:43,24.34,124.16,78.8,100,75,9.17
543,Zhoukou,CN,2020-05-05 22:30:45,33.63,114.63,60.13,74,0,7.38
544,Kalmunai,LK,2020-05-05 22:31:18,7.42,81.82,80.62,85,69,5.86
545,Peterhead,GB,2020-05-05 22:32:38,57.51,-1.8,45.0,86,8,4.7
546,Grand Gaube,MU,2020-05-05 22:32:38,-20.01,57.66,73.0,85,27,3.0
547,Romanovka,RU,2020-05-05 22:32:38,51.74,42.75,58.24,89,100,12.95
548,Dongsheng,CN,2020-05-05 22:32:38,39.82,109.98,57.97,35,99,14.63
549,Sakakah,SA,2020-05-05 22:32:38,29.97,40.21,69.8,35,0,20.8
550,Baiyin,CN,2020-05-05 22:29:55,36.56,104.21,62.01,100,20,6.71
551,Nome,US,2020-05-05 22:32:38,64.5,-165.41,42.8,56,1,4.7
552,Ayan,RU,2020-05-05 22:32:04,56.45,138.17,38.08,75,50,7.56
553,Linjiang,CN,2020-05-05 22:32:39,41.81,126.91,53.17,55,0,1.57
554,Amethi,IN,2020-05-05 22:32:39,26.15,81.82,76.91,55,0,7.61
555,Sinuknipan,PH,2020-05-05 22:32:39,13.89,122.64,81.68,79,89,3.2
556,Ust-Ordynskiy,RU,2020-05-05 22:32:39,52.8,104.75,41.0,100,90,2.24
557,Los Lunas,US,2020-05-05 22:32:40,34.81,-106.73,79.0,15,1,9.17
558,Pombas,CV,2020-05-05 22:32:40,17.15,-25.02,73.4,73,20,20.8
559,Rumford,US,2020-05-05 22:32:40,44.55,-70.55,46.99,73,71,5.01
560,Pervomayskoye,RU,2020-05-05 22:32:40,43.92,46.71,57.63,78,92,1.9
561,Edd,ER,2020-05-05 22:32:40,13.93,41.69,90.75,49,99,16.53
562,Aqtobe,KZ,2020-05-05 22:32:40,50.28,57.21,42.8,54,22,4.47
563,Ito,JP,2020-05-05 22:32:41,34.97,139.08,64.0,73,100,4.0
564,Bulnes,CL,2020-05-05 22:32:41,-36.74,-72.3,62.6,63,0,13.87
565,Praia Da Vitoria,PT,2020-05-05 22:32:41,38.73,-27.07,60.8,77,20,9.28
566,Kieta,PG,2020-05-05 22:32:41,-6.22,155.63,84.51,58,24,0.96
567,Batsfjord,NO,2020-05-05 22:32:41,70.63,29.72,39.2,64,75,9.17
568,Altona,DE,2020-05-05 22:32:41,53.55,9.93,48.2,61,42,8.05
569,Basqal,AZ,2020-05-05 22:32:41,40.76,48.39,57.2,87,75,4.7
